Artwork ID,Description,Preferred Art Styles,Favorite Mediums
1229,"The image presents an expansive view of a cathedral city, capturing its grandeur and architectural complexity. The focal point, a majestic cathedral, dominates the foreground, its towering spires reaching towards the heavens. The intricate Gothic facade, adorned with intricate tracery and sculptures, showcases the craftsmanship of the era. The surrounding buildings, rendered in muted tones, recede into the background, creating a sense of depth and perspective. The sky, rendered in soft hues of blue and gray, provides a subtle contrast to the warm tones of the buildings. The image, taken from a high vantage point, offers a panoramic view of the city, allowing the viewer to appreciate the intricate layout and the harmonious interplay of architectural elements.","Neo-Abstract Expressionist, Realist Figurative",Oil
2346,"The portrait depicts a man seated in a three-quarter pose, his gaze directed towards the viewer. His facial features are rendered with meticulous precision, capturing the subtle nuances of his expression. The sitter's clothing is equally detailed, with the rich textures of his velvet robe and fur-trimmed cloak contrasting with the smooth, linen fabric of his shirt. The composition is balanced and harmonious, with the man's figure occupying the center of the canvas and his surroundings receding into the background. The use of light and shadow creates a sense of depth and volume, enhancing the realism of the portrayal. The overall effect is one of elegance, sophistication, and a profound understanding of human anatomy and clothing.","Neo-Abstract Expressionist, Figurative","Digital, Mixed Media"
2535,"This exquisite still life composition presents a meticulously arranged bouquet of tulips and hyacinths resting within a simple earthenware pot against a neutral background. The artist's masterful use of chiaroscuro imbues the scene with a palpable sense of atmospheric depth, as light cascades across the delicate petals, casting subtle shadows that accentuate the natural contours and textures of the flowers. Each petal is rendered with an almost scientific precision, capturing the intricate variations in hue and tone that suggest the play of light and the delicate translucency of the petals. The earthenware pot, with its rough, tactile surface and muted earth tones, provides a grounding counterpoint to the vibrant, ephemeral beauty of the blossoms. The inclusion of a small, seemingly overlooked beetle adds a subtle touch of naturalism, a fleeting moment of life captured in time. The composition is carefully balanced, with the verticality of the flowers contrasted by the horizontal line of the pot, while the circular forms of the flowers and pot create a sense of harmony and unity. Overall, the painting is a testament to the artist's keen observational skills and mastery of still life technique, resulting in a work that is both visually captivating and imbued with a quiet, contemplative mood.","Neo-Abstract Expressionist, Abstract","Ceramics, Oil"
2989,"The sculpture presents a woman draped in a flowing, diaphanous gown that cascades over her body in soft, undulating folds. The fabric is rendered with exquisite detail, capturing the weight and texture of the fabric as it billows and pools around her form. The woman's pose is graceful and elegant, her body slightly turned to reveal the intricate folds of her gown. Her face is serene and composed, her eyes downcast in contemplation. The sculpture is made of white marble, which lends it a timeless and ethereal quality. The surface is smooth and polished, revealing the subtle nuances of the marble's natural grain. The overall effect is one of beauty, grace, and quiet introspection.","Neo-Abstract Expressionist, Abstract",Marble
3527,"This exquisite piece of Renaissance artistry is a testament to the mastery of the High Renaissance period. The composition is balanced and harmonious, with the central figures arranged in a triangular formation, a technique known as triangular harmony. The use of sfumato, a delicate blending of colors and tones, creates a soft, ethereal atmosphere that enhances the spiritual theme of the painting. The figures are rendered with a high degree of realism, yet there is a certain idealization in their portrayal, particularly in the face of the central figure, which exudes a serene, almost divine quality. The rich, vibrant colors, particularly the deep blues and reds, add to the visual impact of the piece. The background is a landscape, a novelty in art of the period, which adds depth and perspective to the scene. The attention to detail, from the intricate folds of the drapery to the delicate feathers of the bird, is remarkable. The overall effect is one of harmony, balance, and tranquility, a perfect representation of the spiritual theme at the heart of the painting.",Renaissance,Oil
3908,"This 16th-century oil painting is a striking example of Mannerist style, characterized by its elongated figures and dramatic use of light and shadow. The central figure, a male, is depicted in a pale, almost ghostly pallor, surrounded by a group of figures whose expressions range from grief to shock. The artist's use of chiaroscuro is particularly notable, with the figure's body illuminated against a dark background, drawing the viewer's attention to the lifeless form. The drapery of the figures' clothing is rendered with meticulous detail, creating a sense of movement and texture. The background is minimal, with a distant landscape visible through a break in the clouds, providing a stark contrast to the crowded, emotionally charged scene in the foreground. The overall composition is balanced yet dynamic, with the figures arranged in a way that guides the viewer's eye around the canvas. The artist's use of color, light, and composition creates a powerful visual narrative that conveys the solemnity and tragedy of the scene.",Mannerist,Oil
7214,"This striking oil painting depicts a young man, shirtless and barefoot, emerging from a dark and shadowy forest. His body is muscular and lithe, suggesting agility and strength. The figure's gaze is directed towards the viewer, creating a sense of intimacy and connection. The use of chiaroscuro, with strong contrasts between light and dark, emphasizes the figure's form and creates a dramatic atmosphere. The background is rendered in a hazy, atmospheric style, with soft, blended brushstrokes that suggest the depth and mystery of the forest. The overall composition is dynamic and asymmetrical, with the figure's body forming a diagonal line that draws the viewer's eye through the painting. The rich, earthy tones of the figure's skin and the warm, golden light emanating from the upper left corner create a sense of warmth and illumination, contrasting with the surrounding darkness.","Neo-Abstract Expressionist, Abstract, Landscape","Digital, Mixed Media"
8175,"The portrait in question is a striking representation of a man, his visage dominated by a commanding gaze and a mustache of notable prominence. The artist employs a rich, earthy palette, with the deep browns of the background and the man's attire contrasting sharply with the lighter, albeit subtly illuminated, tones of his complexion. The chiaroscuro technique is evident in the meticulous play of light and shadow across his face, lending it a palpable three-dimensionality. The textures rendered, from the softness of his skin to the intricate folds of his garment, exhibit a painstaking attention to detail that is testament to the artist's skill. The man's attire, a black robe adorned with a white collar, is depicted with such precision that one can almost feel the weight and texture of the fabric. The background, a muted blend of dark hues, serves to highlight the subject, drawing the viewer's focus irresistibly towards his face. The composition is balanced yet dynamic, with the man's pose and the diagonal line of his gaze suggesting a sense of authority and engagement. The overall effect is one of dignified presence, a testament to the artist's ability to capture not just the physical likeness, but also the character and presence of his sitter.",Neo-Abstract Expressionist,Oil
8672,"The painting depicts a tranquil harbor scene with a group of ships anchored in the foreground. The vessels are rendered in meticulous detail, their sails billowing in the gentle breeze. The water is calm and reflective, mirroring the sky above. The composition is balanced and harmonious, with the ships forming a triangular shape that draws the viewer's eye to the center of the canvas. The colors are soft and muted, creating a sense of serenity and tranquility. The brushwork is fluid and expressive, capturing the movement of the water and the textures of the ships' hulls. The overall effect is one of serene beauty and maritime harmony.","Neo-Abstract Expressionist, Landscape",Digital
9537,"This captivating artwork depicts a muscular male figure suspended upside down, his body contorted in an extraordinary pose. His skin is pale and translucent, highlighting the sinews and tendons that ripple beneath his surface. The figure's head is bowed, his eyes closed, and his mouth is slightly open, as if in a silent scream. The composition is dominated by diagonal lines, creating a sense of tension and movement. The figure's body forms a sharp angle with the vertical axis, while the horizontal axis is defined by the ground below. The use of chiaroscuro enhances the three-dimensionality of the figure, casting dramatic shadows that accentuate his muscular form and convey a sense of drama and suffering. The background is dark and shadowy, isolating the figure and emphasizing his solitary torment.","Neo-Abstract Expressionist, Figurative","Digital, Oil"
10074,"This piece is a striking example of the Baroque period, characterized by its dramatic use of light and shadow. The central focus, a large, gnarled tree, is rendered in intricate detail, its dark, twisted branches contrasting sharply against the bright, almost ethereal, sky. The artist's use of color is particularly noteworthy, with the rich, earthy tones of the tree and the ground offset by the vibrant blues and whites of the sky. The composition is balanced yet dynamic, the tree's imposing form anchoring the scene on the right, while the left side is left relatively clear, creating a sense of depth and perspective. The brushwork is loose and expressive, adding a sense of movement and energy to the scene. Despite the complexity of the scene, there is a sense of harmony and tranquility that pervades the piece, a testament to the artist's mastery of the medium.",Baroque,Oil
11237,"The sculpture presents a seated figure with a long, flowing beard and a haloed head. The figure's body is draped in a voluminous robe, creating a sense of depth and movement. The hands are clasped together, one resting on the lap and the other holding a book. The face is serene and contemplative, with a slightly parted mouth and piercing gaze. The overall composition is balanced and harmonious, with the figure occupying the center of the frame and the background fading into obscurity. The use of light and shadow creates a dramatic effect, highlighting the figure's features and emphasizing the texture of the robe and the book. The sculpture's meticulous detail and realistic rendering convey a sense of the sitter's wisdom and authority.","Neo-Abstract Expressionist, Figurative","Sculpture, Mixed Media"
11275,"The central figure, a man with a halo, is depicted in a realistic style, with a muscular physique and a serene expression. His body is rendered in a three-dimensional manner, with subtle shading and highlights that create a sense of depth and volume. The man's clothing is simple and understated, consisting of a white robe and a crown of thorns. The background is a stained-glass window, with vibrant colors and intricate patterns. The window depicts a landscape with trees, mountains, and a distant horizon, creating a sense of spatial recession. The overall composition is balanced and symmetrical, with the man's figure centered within the frame and the window framing him on either side. The use of contrasting colors and textures adds visual interest and emphasizes the central figure.","Neo-Abstract Expressionist, Realist Figurative",Digital
11693,"This exquisite piece of artistry is a testament to the mastery of the High Renaissance period. The composition is dominated by a central figure, whose serene countenance and flowing robes exude an aura of divine authority. The use of chiaroscuro is particularly striking, with the figure's face and hands illuminated against a darker background, creating a sense of depth and three-dimensionality. The surrounding figures are depicted in various states of emotion and action, their bodies rendered with a remarkable sense of realism and dynamism. The artist's use of color is also noteworthy, with the rich, earthy tones of the background and the vibrant reds and blues of the figures' garments contributing to the overall sense of drama and intensity. The attention to detail is evident in the intricate folds of the drapery, the delicate rendering of the hands, and the subtle play of light and shadow across the faces. The overall effect is one of harmony and balance, with each element of the composition working together to create a powerful visual narrative that engages the viewer both emotionally and intellectually.","Abstract, Realist Figurative",Oil
11964,"This exquisite piece of artistry is a testament to the mastery of chiaroscuro and the power of simplicity in composition. The central figure, a man engrossed in playing a stringed instrument, is illuminated with a soft, warm light that not only highlights his face and hands but also the intricate details of his attire and the instrument. The artist's use of tenebrism, where darkness becomes a dominating feature of the image, adds depth and drama, drawing the viewer's attention to the figure and his music. The background, rendered in muted tones and with less detail, further emphasizes the subject. The artist's choice of a limited, earthy color palette enhances the overall mood of the painting, creating an intimate, almost solemn atmosphere. The composition is balanced yet dynamic, with the figure's diagonal posture and the sweeping lines of his clothing and the instrument creating a sense of movement. The artist's meticulous attention to detail, from the texture of the man's clothing to the grain of the wood of the instrument, adds a touch of realism to the piece, making it not just a visual representation but a window into a different time and place.","Neo-Abstract Expressionist, Realist Figurative",Oil
14152,"This still life painting presents a vibrant and realistic depiction of various fruits and vegetables. The composition is arranged in a shallow space, with the objects overlapping and extending into the viewer's space. The light source is positioned from the upper left, casting strong shadows that enhance the three-dimensionality of the forms. The colors are rich and saturated, with warm hues of red, orange, and yellow contrasting with cooler greens and blues. The brushwork is loose and expressive, capturing the texture and weight of the subjects. The painting exhibits a high level of detail, from the delicate stripes of the pumpkin's skin to the tiny seeds on the grapes. The overall effect is one of abundance and vitality, as the vibrant colors and realistic depiction of the objects convey a sense of freshness and abundance.","Neo-Abstract Expressionist, Realist Figurative",Oil
14531,"This exquisite piece is a testament to the mastery of the Early Renaissance, characterized by its intricate detailing and vibrant use of color. The composition is dominated by a central figure, resplendent in richly adorned robes, who is surrounded by a celestial host of figures. The use of gold leaf, a technique known as alevrour, lends a divine luminosity to the scene, creating a stark contrast against the deep, earthly tones of the background. The figures are rendered with a remarkable sense of three-dimensionality, achieved through the meticulous use of perspective and foreshortening. The artist's skillful manipulation of light and shadow further enhances this effect, lending a palpable sense of depth to the scene. The overall effect is one of grandeur and reverence, a fitting tribute to the subject matter. The piece is a visual symphony, where each element, from the intricate patterns on the garments to the delicate rendering of the wings, contributes to the overall harmony of the composition.","Neo-Abstract Expressionist, Abstract, Landscape","Digital, Mixed Media, Sculpture"
16073,"This captivating portrait presents a young woman adorned in an exotic orientalist costume. Her delicate features are rendered with precision, her eyes gazing directly at the viewer with an enigmatic expression. The soft, warm tones of her skin contrast with the rich, vibrant hues of her attire. The intricate details of her headdress, with its pearl-encrusted pins and flowing fabrics, evoke a sense of opulence and refinement. The woman's posture is graceful and poised, her body language suggesting both confidence and vulnerability. The composition is balanced and harmonious, with the figure positioned slightly off-center to create a dynamic tension. The use of light and shadow adds depth and dimension to the scene, highlighting the woman's delicate features and the intricate details of her clothing. The overall effect is one of ethereal beauty and enigmatic allure.","Neo-Abstract Expressionist, Abstract, Landscape, Other","Digital, Watercolor, Photography"
16200,"This grandiose work captivates the viewer with its dramatic use of light and shadow, a technique known as chiaroscuro. The central figures are bathed in a soft, ethereal glow, drawing the eye to the solemnity of their actions. The artist's meticulous attention to detail is evident in the intricate folds of the garments, the realistic rendering of the human form, and the architectural elements that frame the scene. The palette is rich and varied, with deep reds and blues contrasting with the muted tones of the background. The composition is balanced yet dynamic, with the figures arranged in a way that guides the viewer's gaze across the canvas. The use of perspective is masterful, creating a sense of depth and space that pulls the viewer into the scene. The overall effect is one of grandeur and reverence, a testament to the artist's skill and understanding of the human condition.","Neo-Abstract Expressionist, Figurative","Digital, Mixed Media"
17472,"This exquisite piece from the early 17th century is a testament to the mastery of Baroque portraiture. The subject, a musician, is depicted in three-quarter view, his body turned towards the viewer, engaging us with a direct gaze. The use of chiaroscuro, the contrast between light and dark, is particularly striking, illuminating the musician's face and hands, while casting the background into relative obscurity. This technique not only adds depth and volume to the figure, but also focuses the viewer's attention on the subject. The artist's meticulous attention to detail is evident in the intricate rendering of the musician's attire, the intricate patterns of the lute's neck, and the texture of the book and sheet music. The color palette is predominantly warm, with the rich browns of the musician's clothing and the golden hues of the lute contrasting against the darker, cooler tones of the background. The composition is balanced and harmonious, with the musician's figure and the lute forming a unified whole, while the book and sheet music provide a counterbalance on the right side of the canvas. The overall effect is one of intimacy and immediacy, as if the viewer has been granted a private glimpse into a moment of musical contemplation.",Baroque,Oil
19095,"This exquisite piece from the mid-16th century is a testament to the mastery of the High Renaissance style. The composition is centered around a tender interaction between a mother and her child, rendered with an extraordinary level of detail and sensitivity. The figures are positioned against a dark, almost indiscernible background, which serves to highlight their luminosity and presence. The artist's use of chiaroscuro is particularly noteworthy, with the soft, diffused light illuminating the figures and creating a sense of depth and three-dimensionality. The colors are rich and vibrant, with the deep blues and reds of the mother's attire contrasting beautifully with the pale, almost ethereal skin tones of the child and the Virgin. The artist's attention to texture is also evident in the detailed rendering of the fabrics, the delicate folds of the drapery, and the soft, downy texture of the child's hair. The figures are depicted in a highly idealized manner, their faces serene and composed, their bodies graceful and elegant. The overall effect is one of tranquility and intimacy, a profound depiction of the maternal bond.","Neo-Abstract Expressionist, Figurative",Oil
19582,"This portrait depicts a young woman seated in an armchair, her body turned slightly to the right. Her head is tilted back, and her gaze is directed towards the viewer. She is wearing a white dress with a blue sash, and her hair is pulled back into a bun. The background is a landscape, with trees and a river visible. The artist has used a soft, muted color palette, and the brushwork is delicate and precise. The overall effect is one of elegance and refinement. The woman's posture and expression convey a sense of calm and composure, and the painting exudes a sense of tranquility and harmony.","Neo-Abstract Expressionist, Figurative","Digital, Oil"
20389,"The artwork in question is a striking example of neoclassical sculpture, characterized by its meticulous attention to detail and the use of chiaroscuro to create a sense of depth and volume. The central figure, a woman, is depicted in a commanding pose, her body turned slightly to the side, her face turned forward, and her right arm extended. Her drapery is rendered with remarkable precision, the folds and creases of the fabric falling in a naturalistic manner, and the play of light and shadow across the fabric enhancing its three-dimensionality. The figure's musculature is also carefully delineated, the tension in her body suggesting a sense of dynamic movement. The wings, attached to the figure's back, are equally impressive, their feathers meticulously detailed and their positioning creating a sense of lightness and airiness. The overall composition is balanced and harmonious, the figure's pose and the surrounding elements creating a sense of symmetry. The use of a monochromatic palette, with shades of white, gray, and black, further emphasizes the sculpture's form and texture. The artwork's classical inspiration is also evident in its formal elements, the figure's pose and the surrounding elements evoking classical representations of victory and the goddess Minerva.","Neo-Abstract Expressionist, Figurative","Sculpture, Oil"
20402,"This monumental work, executed in 1959, is a testament to the artist's mastery of composition and color. The painting is dominated by a grand architectural setting, rendered in a palette of warm hues, with a predominant use of golds and browns, which imbue the scene with a sense of grandeur and solemnity. The artist's meticulous attention to detail is evident in the intricate depiction of the architectural elements, from the ornate columns to the intricate patterns on the floor. The figures occupying the foreground are depicted with a remarkable realism, their faces expressing a range of emotions that add a human element to the scene. The use of light and shadow is particularly noteworthy, creating a dramatic contrast that further enhances the depth and three-dimensionality of the scene. The composition is balanced yet dynamic, with the eye being led from the figures in the foreground, across the architectural elements, and up towards the celestial choir in the background. The overall effect is one of awe and reverence, a fitting tribute to the subject matter.","Abstract, Realist Figurative",Oil
20899,"This striking piece is a testament to the power of plaster as a medium, showcasing a masterful manipulation of form and texture. The central figure, rendered in a dynamic pose, exudes a sense of strength and vulnerability simultaneously. The artist's use of chiaroscuro imbues the work with a dramatic, almost theatrical quality, with the play of light and shadow accentuating the muscularity and emotional intensity of the subject. The figure's gaze, directed upwards, creates a poignant connection with the ethereal entity that supports him, a contrast that heightens the narrative tension. The ethereal entity, with its fluid, flowing robes and gentle, yet insistent grip, provides a stark counterpoint to the rigid, angular lines of the mortal figure. The artist's choice of a monochromatic palette, save for the subtle highlights on the figures' robes, further emphasizes the spiritual and emotional themes at play. The base of the piece, though minimalistic, provides a solid foundation, grounding the celestial encounter in a tangible reality. The overall composition, with its interplay of lines and shapes, creates a compelling visual narrative that invites contemplation and interpretation.","Neo-Abstract Expressionist, Other","Digital, Oil"
22033,"The painting in question is a masterful display of light and shadow, demonstrating a profound understanding of perspective and architectural detail. The dominant structure, a grand edifice with a commanding dome, is rendered with meticulous precision, showcasing a harmonious blend of neoclassical and baroque elements. The artist's use of a muted palette, dominated by soft hues of cream and beige, imbues the scene with a serene, almost ethereal quality. The sky, a striking contrast against the earthy tones of the building, is depicted in a vibrant blue, punctuated by wisps of white clouds that seem to gently caress the horizon. The foreground is marked by a subtle interplay of shadows and highlights, adding depth and dimension to the composition. The artist's brushwork is both delicate and bold, capturing the intricate details of the architecture - the ornate carvings, the delicate tracery of the windows, and the majestic dome - with a remarkable level of accuracy. The overall effect is one of tranquility and grandeur, a testament to the artist's skill in capturing the essence of the scene.","Neo-Abstract Expressionist, Abstract","Digital, Watercolor"
22490,"This exquisite portrait is a testament to the mastery of the High Renaissance period. The subject, a woman of stature, is depicted in three-quarter view, her gaze directed towards something beyond the frame, inviting the viewer into her world. The use of chiaroscuro is striking, with the light source seemingly emanating from the left, casting soft shadows that accentuate the depth and volume of the figure. The subject's attire is richly detailed, with the vibrant hues of her dress contrasting against the darker, more muted tones of the background. The delicate lacework and the intricate patterns of her sleeves and collar demonstrate an exceptional attention to detail. The artist's skillful rendering of textures, from the smoothness of the subject's skin to the tactile quality of the fabric, adds a palpable sense of realism to the piece. The composition is balanced yet dynamic, with the subject's pose and the placement of objects creating a harmonious visual rhythm. The use of perspective is subtle but effective, lending a sense of depth and space to the scene. Overall, this portrait is a masterful blend of technical skill, aesthetic sensibility, and artistic vision.","Neo-Abstract Expressionist, Realist Figurative",Digital
23851,"This exquisite piece of Renaissance artistry is a testament to the mastery of chiaroscuro and the power of religious iconography. The two figures, an elderly man and a young boy, are rendered with a striking realism that imbues them with a sense of life-like presence. The man, presumably an elderly saint, is depicted with a serene countenance, his eyes gazing upwards towards the heavens, a halo encircling his head, signifying his divine status. His hands are clasped in prayer, his robe draped in a way that suggests both elegance and humility. The boy, presumably the saint's disciple, is shown in a more youthful, energetic pose, his eyes wide with awe and wonder, his hand reaching out to touch the saint's robe in a gesture of reverence. The artist's use of color is equally impressive, with the rich, deep hues of the saints' garments contrasting against the luminous, almost ethereal gold of the background, creating a sense of divine radiance. The artist's attention to detail is evident in the intricate patterns of the saints' garments, the realistic rendering of their hands and faces, and the subtle play of light and shadow that adds depth and dimension to the figures. The overall composition is balanced and harmonious, with the figures placed centrally and framed by the golden background, drawing the viewer's eye directly to them. The artist's use of perspective is also noteworthy, with the figures appearing larger than the background, creating a sense of depth and three-dimensionality. The painting is a masterful blend of realism and idealism, a testament to the artist's skill and his deep understanding of the human condition.","Neo-Abstract Expressionist, Abstract",Digital
25018,"This exquisite piece is a testament to the mastery of the High Renaissance period. The subject, a young woman, is depicted in three-quarter view, her gaze directed towards the viewer. The artist's use of chiaroscuro is striking, with the play of light and shadow creating a sense of depth and volume. The woman's skin is rendered with a soft, almost luminescent quality, contrasting with the darker, muted tones of her attire. The drapery is meticulously detailed, with the folds and creases suggesting a sense of movement and texture. The background is relatively simple, allowing the viewer's focus to remain on the figure. The use of perspective is subtle but effective, with the vanishing point seeming to converge on the woman's face. The overall composition is balanced and harmonious, with the figure's pose and the surrounding elements creating a sense of unity. The artist's attention to detail is evident in the intricate rendering of the woman's hair, the delicate flowers, and the intricate patterns on her dress. The painting is a masterful blend of realism and idealism, a testament to the artist's skill and vision.","Neo-Abstract Expressionist, Figurative","Digital, Mixed Media"
25141,"This exquisite portrait is a testament to the mastery of the High Renaissance period, characterized by its meticulous attention to detail and the use of sfumato technique. The subject, a young man, is depicted in three-quarter view, his gaze directed away from the viewer, creating an air of introspection and mystery. The artist's skillful use of chiaroscuro enhances the three-dimensionality of the figure, lending a lifelike quality to the painting. The subject's attire, a black cap and gown, is rendered with such precision that one can almost feel the texture of the fabric. The background, a serene landscape with a clear sky, is a study in contrasts - the calm, peaceful scene juxtaposed against the subject's thoughtful, perhaps contemplative, expression. The artist's use of linear perspective is evident in the accurate depiction of the landscape and the subject's hand, which appears realistically proportionate to the rest of the figure. The overall composition, with the subject slightly off-center, adds a dynamic element to the portrait, making it a compelling visual experience.","Neo-Abstract Expressionist, Abstract, Landscape","Digital, Oil"
25228,"This captivating portrait presents a figure clad in an elegant black hat and necklace, their hands clasped together and resting on a marble ledge. The subject's gaze is directed slightly to the side, creating an enigmatic and introspective atmosphere. The artist employs a masterful use of chiaroscuro, with the light source emanating from the upper left, casting subtle shadows that define the figure's facial features and clothing. The brushwork is precise and detailed, capturing the intricate textures of the hat, necklace, and hands. The muted color palette, dominated by shades of black, gray, and white, contributes to the painting's somber and contemplative mood. The composition is carefully balanced, with the figure positioned slightly off-center, creating a sense of tension and intrigue.","Neo-Abstract Expressionist, Abstract",Digital
26139,"This portrait depicts a man seated in a landscape with a tented horizon in the background. The subject's face is rendered with meticulous detail, revealing a furrowed brow, piercing gaze, and a hint of a smile. His clothing is equally elaborate, with a richly embroidered doublet and a fur-trimmed cloak. The background is composed of a verdant meadow, a winding river, and a distant mountain range. The use of chiaroscuro creates a dramatic contrast between the brightly lit foreground and the darker background, drawing the viewer's attention to the subject. The brushwork is fluid and expressive, capturing the texture of the subject's clothing and the softness of the landscape. The overall composition is balanced and harmonious, with the subject positioned slightly off-center to create a sense of dynamism.","Neo-Abstract Expressionist, Figurative","Watercolor, Digital"
27338,"This captivating painting presents a meticulously rendered scene of two men engaged in a game of chess. The composition is anchored by the central figures, their faces expressive and focused, their bodies arranged in a dynamic pose. The player on the left, adorned in rich robes and a flowing turban, leans forward with an intensity that suggests deep concentration. His opponent, seated more relaxed, exudes a sense of contemplation. The chessboard, positioned between them, is a focal point, its black and white squares creating a stark contrast that emphasizes the strategic nature of the game. The background is a vibrant tapestry of colors, with intricate patterns and textures that enhance the overall visual appeal. The use of bold, saturated hues and skillful brushwork contributes to the painting's sense of depth and realism, capturing the viewer's attention and inviting them to immerse themselves in the unfolding match.","Neo-Abstract Expressionist, Realist Figurative",Oil
28445,"This landscape painting depicts a tranquil countryside scene characterized by a harmonious composition and subtle color palette. The foreground is dominated by a vast, verdant meadow, its lush grass rendered with a rich, vibrant green. A winding path meanders through the meadow, leading the viewer's gaze towards the distant horizon. In the middle ground, a group of trees stands tall, their foliage rendered in a muted palette of ochre and brown, creating a sense of depth and recession. The background is dominated by a hazy sky, its soft, billowing clouds casting a gentle light over the landscape. The overall effect is one of serenity and tranquility, with the soft, muted colors and gentle curves of the landscape creating a sense of harmony and balance.","Neo-Abstract Expressionist, Landscape","Watercolor, Digital"
29500,"The artwork in question is a masterful display of Byzantine iconography, rendered in a style that is both regal and serene. The central figure, a woman, is depicted with a calm composure, her gaze directed upwards, suggesting a sense of divine approval or inspiration. Her attire is richly adorned with intricate patterns, indicating her high social status. In her hands, she holds two objects, a cross and a book, symbols of faith and knowledge respectively. The cross, rendered in a realistic manner, stands out against the ethereal background, emphasizing its significance. The book, on the other hand, is depicted in a more stylized manner, its pages intricately patterned, reflecting the artistic preferences of the period. The background is a halo of stars, a common motif in Byzantine art, symbolizing the celestial realm. The use of gold leaf in the background and the figure's halo imbues the artwork with a sense of divinity and majesty. The overall composition is balanced and harmonious, with the figure centrally placed, commanding attention. The use of perspective is minimal, focusing more on the symbolic representation than on realistic depiction. The color palette is rich and vibrant, with the gold leaf adding a luxurious touch. The artwork, with its intricate details and symbolic elements, is a testament to the artist's skill and the artistic preferences of the period.",Byzantine,Gold Leaf
31383,"This oil painting depicts a bustling scene on a sunlit bridge. The composition is dominated by the arched bridge, which spans the foreground and recedes into the background. The bridge is crowded with figures, both pedestrians and horses and carriages. The figures are rendered in a loose, impressionistic style, with quick, gestural brushstrokes that capture their movement and energy. The colors are bright and vibrant, with a focus on warm tones such as yellow, orange, and red. The sky is a clear blue, and the sunlight casts long shadows across the bridge and the figures. The overall effect is one of movement and vitality, with the viewer's eye drawn to the vibrant colors and the dynamic brushwork.","Neo-Abstract Expressionist, Abstract, Landscape","Digital, Watercolor, Oil"
31644,"The artwork in question is a striking example of Hellenistic sculpture, characterized by its dynamic composition and exquisite detail. The figures are rendered with a remarkable sense of movement and fluidity, their bodies twisting and turning in a dance-like motion. The artist's use of chiaroscuro is particularly noteworthy, with the play of light and shadow adding depth and dimension to the scene. The figures are depicted in various states of undress, their bodies rendered with anatomical precision and a keen eye for the human form. The artist's use of color is also worth noting, with the warm, earthy tones of the figures contrasting beautifully with the cool, neutral background. The overall effect is one of vitality and dynamism, a celebration of life and physicality. The artist's mastery of form and composition, combined with their exceptional skill in capturing the nuances of the human body, results in a work that is both visually stunning and deeply evocative.","Neo-Abstract Expressionist, Realist Figurative",Oil
31823,"This exquisite piece is a testament to the mastery of the High Renaissance period. The composition is balanced and harmonious, with a symmetrical arrangement of figures that draws the viewer's eye across the entire scene. The use of perspective is subtle yet effective, creating a sense of depth and space within the architectural setting. The color palette is rich and varied, with the warm hues of the figures' drapery contrasting beautifully with the cool tones of the architecture and the sky. The artist's attention to detail is evident in the delicate rendering of the figures' features and the intricate patterns of the architectural elements. The use of light and shadow adds a three-dimensional quality to the scene, enhancing the illusion of reality. The overall effect is one of serenity and grace, with the figures seeming to exist in a timeless, ethereal world. The artist's skillful use of line, color, and composition creates a visually stunning and emotionally resonant work of art.","Neo-Abstract Expressionist, Abstract",Digital
31959,"This exquisite piece is a testament to the mastery of the High Renaissance period. The composition is dominated by a central female figure, whose graceful form and flowing drapery exude a sense of divine grace and beauty. The use of chiaroscuro, the contrast between light and dark, is expertly employed to highlight the figure and create a sense of depth and three-dimensionality. The background is a celestial landscape, teeming with figures and animals, rendered in a softer, muted palette that contrasts with the vibrancy of the central figure. The use of perspective is also noteworthy, with the architectural elements leading the viewer's eye towards the figure, reinforcing her importance in the composition. The attention to detail is remarkable, from the delicate feathers of the arrows to the intricate folds of the drapery, each element contributing to the overall harmony and balance of the composition. The use of color is also significant, with the warm hues of the central figure contrasting with the cooler tones of the background, further enhancing the sense of depth and space. The overall effect is one of serene beauty and divine power, a masterful blend of human artistry and divine inspiration.","Neo-Abstract Expressionist, Abstract, Landscape",Digital
32334,"This 17th-century oil painting is a masterful display of chiaroscuro, a technique that uses strong contrasts between light and dark to achieve a sense of volume in modeling three-dimensional objects and figures. The central figure is illuminated with a radiant glow, drawing the viewer's attention to his humble, bowed posture and the hands that gently holds. The surrounding figures are depicted in varying degrees of shadow, their faces obscured or partially hidden, emphasizing the isolation of the central figure. The use of warm, earthy tones in the foreground contrasts with the cooler hues in the background, creating a sense of depth and space. The composition is balanced yet dynamic, with the diagonal line of the central figure's body leading the viewer's eye towards the figure's face. The artist's use of texture is also noteworthy, from the rough, worn clothing of the figures to the smooth, luminous skin of the central figure. The overall effect is a powerful visual narrative that combines realism with spiritual symbolism.",Realist Figurative,Oil
32770,"This captivating sketch depicts a seated man with a penetrating gaze and a contemplative expression. The artist's masterful use of chiaroscuro creates a dramatic contrast between light and shadow, illuminating the man's face and hands while casting his surroundings in relative darkness. The man's clothing is rendered with meticulous attention to detail, from the intricate folds of his doublet to the soft texture of his linen shirt. The brushwork is fluid and expressive, capturing the subtle nuances of the man's features and the weight of his body. The artist's keen observation and understanding of human anatomy are evident in the precise rendering of the man's hands, which convey a sense of strength and character. The overall composition is balanced and harmonious, with the man's figure occupying the center of the page and his gaze directed towards the viewer.","Neo-Abstract Expressionist, Figurative","Digital, Acrylic"
35066,"This exquisite piece is a testament to the mastery of the Early Renaissance, characterized by its intricate detailing and ethereal use of color. The composition is balanced and harmonious, with three figures arranged in a triangular formation, creating a sense of stability and unity. The central figure, presumably an angel, is depicted in a graceful pose, one arm outstretched towards the other figure, who is seated on a simple, yet majestic, ass. The angel's flowing robes and the soft folds of the drapery are rendered with a remarkable attention to detail, creating a sense of movement and depth. The landscape in the background, with its subtle gradations of color, adds to the overall sense of tranquility and serenity. The use of light and shadow is particularly noteworthy, with the figures and the landscape illuminated by a soft, diffused light, lending the scene an otherworldly, almost dreamlike quality. The artist's use of perspective is also evident, with the figures in the foreground appearing larger than those in the background, creating a sense of depth and three-dimensionality. The overall effect is one of harmony, grace, and spiritual tranquility, a testament to the artist's ability to convey complex emotions and narratives through his art.","Neo-Abstract Expressionist, Abstract",Digital
36486,"This captivating oil painting depicts a humble domestic scene. The composition is anchored by a woman in a rustic kitchen, her figure dominating the foreground. Her coarse hands and worn clothing suggest a life of labor, as she cleans a bowl at a simple wooden table. The muted palette of earthy tones and soft grays creates a sense of intimacy and warmth. The artist's deft brushwork captures the textures of the woman's clothing, the worn surface of the table, and the gleaming metal of the bowl. The play of light and shadow emphasizes the three-dimensional quality of the figures and objects, drawing the viewer into the scene. The artist's attention to detail is evident in the depiction of the woman's facial expression, which conveys a sense of contentment and resignation. The overall effect is one of quiet dignity and a profound appreciation for the simple life.","Neo-Abstract Expressionist, Figurative","Oil, Mixed Media"
36821,"This captivating portrait presents a man seated in a three-quarter pose, his gaze directed slightly to the right. The subject's face is rendered with meticulous precision, capturing the subtle contours of his features and the expression in his eyes. The artist employs a soft, sfumato technique to create a sense of depth and atmosphere, particularly in the delicate modeling of the face. The sitter's clothing is depicted with equal care, the folds and textures of his doublet and linen shirt rendered with a keen eye for detail. The background is dark and atmospheric, creating a sense of mystery and intrigue. The overall composition is balanced and harmonious, with the subject's figure occupying the center of the frame and the background elements receding into the distance. The use of light and shadow enhances the three-dimensionality of the figure, while the subtle color palette of warm browns and cool grays contributes to the painting's overall sense of realism and intimacy.","Neo-Abstract Expressionist, Figurative",Digital
37936,"This 17th-century oil painting depicts a lively gathering of peasants in a village square. The scene is rendered with meticulous detail, capturing the expressions and gestures of the figures. The composition is anchored by a central group of musicians, their instruments and instruments creating a sense of rhythm and energy. The surrounding figures form a semi-circle around the musicians, their faces expressing a range of emotions from amusement to contemplation. The painting's palette is earthy and muted, with shades of brown, green, and gray dominating. The use of chiaroscuro creates a sense of depth and volume, highlighting the figures and casting shadows across the scene. The overall effect is one of realism and intimacy, inviting the viewer to become immersed in the bustling atmosphere of the village square.","Neo-Abstract Expressionist, Realist Figurative",Oil
38379,"This exquisite piece of Renaissance artistry is a testament to the mastery of chiaroscuro and the grandeur of religious narrative. The composition is dominated by a vertical axis, with the central figure pointing towards the sky, creating a sense of divine intervention. The use of perspective is evident in the architectural elements, which recede into the background, drawing the viewer's eye towards the central action. The color palette is rich and varied, with the deep blues and reds of the garments contrasting with the muted tones of the landscape. The figures are rendered with a high degree of naturalism, their expressions and gestures conveying a range of emotions from awe to curiosity. The attention to detail is remarkable, from the intricate folds of the drapery to the individual leaves on the trees. The overall effect is one of drama and solemnity, a fitting portrayal of the event depicted.","Neo-Abstract Expressionist, Abstract, Landscape","Digital, Watercolor, Photography"
39577,"The monumental scale of the sculpture immediately commands attention, with its imposing height and broad base. The stone material, rendered in varying shades of gray, imbues the piece with a sense of timelessness and gravity. The intricate detailing of the figures and architectural elements is a testament to the meticulous craftsmanship employed. The central figure, draped in flowing robes, is depicted in a commanding pose, exuding a sense of power and authority. The surrounding figures, each meticulously rendered with individualized features and expressions, contribute to the narrative complexity of the piece. The use of chiaroscuro, with stark contrasts between light and dark, adds a dramatic quality to the scene, enhancing the emotional intensity. The perspective is masterfully executed, creating a sense of depth and three-dimensionality that draws the viewer into the scene. The overall composition is balanced yet dynamic, with the figures arranged in a way that guides the viewer's eye across the piece. The level of detail, from the delicate folds of the garments to the intricate patterns of the architectural elements, is remarkable, demonstrating a high degree of realism. The piece, with its rich detailing and dramatic composition, is a compelling visual narrative, inviting the viewer to engage with its historical and symbolic significance.",,
41002,"This captivating portrait presents a man with a striking mustache and piercing gaze that draw the viewer into the canvas. The sitter's face is rendered with meticulous detail, revealing subtle gradations of tone and texture that create a sense of realism. The warm, earthy hues of his skin contrast with the cool, bluish tones of his eyes, which seem to glimmer with an inner intensity. The artist's masterful use of chiaroscuro emphasizes the sitter's facial features, casting shadows that define his cheekbones and jawline. The sitter's clothing is equally well-rendered, with the rich, velvety texture of his robe and the delicate lace of his collar adding a sense of opulence and refinement to the composition. The background is dark and atmospheric, creating a sense of depth and mystery that complements the sitter's enigmatic expression.","Neo-Abstract Expressionist, Realist Figurative",Oil
41327,"This captivating portrait presents a young woman with a serene and enigmatic expression. Her face is rendered with exquisite detail, her skin glowing with a soft, ethereal light. The artist's masterful use of chiaroscuro creates a dramatic contrast between the illuminated areas of her face and the darker shadows that define her features. Her eyes, painted with remarkable realism, seem to follow the viewer, adding an air of intimacy and connection. The woman's head is adorned with a simple turban, its rich, warm tones contrasting with the cool, pale tones of her skin. The background is dark and atmospheric, creating a sense of depth and mystery. The artist's meticulous attention to detail is evident in the intricate rendering of the woman's hair, the folds of her turban, and the subtle textures of her clothing. The overall composition is balanced and harmonious, with the woman's figure occupying the central space and her gaze drawing the viewer into the painting.","Neo-Abstract Expressionist, Abstract",Oil
43386,"This self-portrait presents a figure seated at a table, their head resting on their hand. The subject's gaze is directed toward the viewer, creating a sense of intimacy and contemplation. The figure's clothing is simple and understated, consisting of a black robe and white shirt. The background is dark and neutral, allowing the subject to stand out as the focal point. The artist's brushwork is precise and detailed, capturing the subtle nuances of the subject's facial expression and the textures of their clothing. The use of light and shadow creates a sense of depth and volume, enhancing the realism of the portrait. The overall composition is balanced and harmonious, with the subject occupying the center of the frame and the table and background elements framing them.","Neo-Abstract Expressionist, Realist Figurative",Oil
